component,MAPE,MAE,actual_mean_sales,predicted_mean_sales
store_7_item_41,47.63419155929679,4.742576216096152,12.0,12.775775645083684
store_7_item_5,44.638173630596064,4.3382499475862195,11.033333333333333,10.270454022512405
store_7_item_47,41.17293380729442,4.359236595452648,12.7,12.629282372618288
store_5_item_27,41.011741150061006,3.941471803706348,14.366666666666667,14.927151005894409
store_7_item_4,40.47863301566146,4.313838342051308,12.233333333333333,12.055742707881665
store_7_item_27,39.17540198752313,4.0898051710289005,11.7,12.041398853328634
store_5_item_41,38.85582201659118,4.255008136641086,13.766666666666667,13.23315505168466
store_5_item_1,38.34795840016663,4.918481765054697,15.066666666666666,14.673911168560362
store_5_item_16,38.2117703220174,4.636335440143209,16.3,16.867024909284353
store_5_item_37,37.8804999165247,6.10709559685218,17.333333333333332,18.852887209775343
store_6_item_41,34.75001371981076,4.298992698852047,13.666666666666666,13.580183021184064
store_1_item_5,34.35158093430907,4.012974314627864,14.1,13.750914971206889
store_7_item_34,33.88015139433566,4.690460161164331,14.633333333333333,14.80679673416912
store_7_item_37,33.480391828301016,5.005713165231744,17.2,17.197487988483978
store_7_item_17,33.18517513694065,6.05516438878147,19.633333333333333,20.154149145004567
store_7_item_21,32.778064864274306,6.142240425640188,23.366666666666667,24.951537310654544
store_6_item_27,32.7391987837838,4.339541799806399,14.033333333333333,13.719323747664246
store_7_item_1,32.726856922494804,4.052436825619191,12.966666666666667,12.316874940727526
store_7_item_3,32.47421564661245,6.673000069052151,22.2,21.690799258046592
store_7_item_23,32.42087234796746,4.6879019154947015,16.2,16.36307350211396
store_6_item_4,32.30574363131554,4.210683544094914,14.066666666666666,13.763772414500105
store_6_item_21,32.222931942694274,7.460354681471503,25.166666666666668,25.641629207456464
store_4_item_5,32.19307954463931,5.194225367446998,16.633333333333333,16.99972143288475
store_8_item_27,32.03987051256263,6.191433510779889,22.266666666666666,24.50846438164172
store_6_item_1,32.01128025652663,3.7419656258141503,13.733333333333333,14.383420315737562
store_1_item_16,31.97183418416928,5.697948242063879,19.833333333333332,18.902677640248896
store_5_item_4,31.50789855416613,4.330839993005217,14.7,15.192977472673967
store_5_item_23,31.430994315428652,5.006603906309455,19.033333333333335,19.45385798538464
store_5_item_47,31.309083652781855,4.543497588880518,15.033333333333333,13.950784660706917
store_1_item_1,31.236440057538132,4.384168842412646,17.133333333333333,16.224094515070743
store_2_item_4,31.160978274917543,7.2002632186043005,24.7,22.174654032374846
store_6_item_5,30.837452473448458,3.369770832155878,12.466666666666667,11.361826835913433
store_5_item_34,30.5772941298738,4.187614862996366,16.066666666666666,16.625517730470776
store_1_item_4,30.541239631275968,4.519639575720587,15.8,17.971904140744964
store_1_item_17,30.316216824925903,6.8607443082718484,25.4,23.826540157141146
store_9_item_27,30.31410041487016,5.65865331339015,19.866666666666667,19.741888561580016
store_1_item_41,30.054326890795945,5.303883038318146,17.633333333333333,15.858131498356252
store_8_item_41,29.951477436670988,6.694109780546421,23.466666666666665,23.473436729131684
store_4_item_1,29.739355345977796,5.862893624864997,20.633333333333333,19.027734800190146
store_9_item_5,29.418013754388316,4.265222546290131,16.866666666666667,16.45828906214007
store_7_item_39,29.35093430720312,6.188057922008382,24.9,25.29444280767368
store_9_item_41,29.249948948593733,4.791237598229588,18.7,18.06259030415793
store_8_item_1,29.1071815881264,6.865714783828038,23.266666666666666,23.34135656483163
store_9_item_49,29.022677891401848,6.623778957103246,26.0,27.33645630068741
store_5_item_9,28.56048344464445,8.234092204097527,32.56666666666667,33.75246109960623
store_6_item_34,28.54691024119743,4.1753982101687885,16.266666666666666,17.123720729432705
store_5_item_44,28.434113488634576,4.60794006135329,17.533333333333335,20.091555009914327
store_6_item_23,28.208520445551656,5.2026204629433686,19.866666666666667,18.38348720215168
store_2_item_5,28.20350570980054,5.556343128657938,20.6,19.911293182748842
store_4_item_4,28.07184173645036,5.795220364670243,21.433333333333334,19.694846630638647
store_6_item_3,28.027610164483775,6.294088879148906,24.533333333333335,23.28373242937726
store_6_item_49,27.897109695471972,4.587510587679983,18.566666666666666,18.824346872523435
store_10_item_49,27.870543493577614,6.719213178506893,26.066666666666666,25.800979014417404
store_5_item_5,27.851056798158847,3.383743668443064,12.9,12.174312958926205
store_9_item_17,27.82375508004827,7.525038453854643,28.933333333333334,29.42897991634158
store_6_item_2,27.799478940842093,9.693042102922927,37.6,37.307051222681594
store_2_item_1,27.67571321936148,5.4708444516694605,22.3,23.447063547478038
store_8_item_5,27.466864229426925,5.493888302127529,20.433333333333334,19.158884521057292
store_7_item_16,27.4654719824419,3.8758362728955538,15.466666666666667,14.57486816915871
store_7_item_40,27.386745318249524,4.616774854750359,17.3,16.743482930931183
store_7_item_42,27.3807488759628,6.058914854648515,22.9,22.164779319718036
store_10_item_1,27.310694555981335,5.348274237289326,20.033333333333335,20.402287899700294
store_4_item_37,27.233272659040512,6.796590360894701,26.5,25.682679344824425
store_9_item_37,27.197499167976417,6.919032295075317,27.066666666666666,24.65107252105413
store_5_item_17,27.043370739551854,5.1595248197206764,20.9,22.2913886300519
store_1_item_42,26.973078674490857,6.506377934055825,25.666666666666668,29.57841283601584
store_1_item_37,26.858292991730853,5.389608436706211,22.166666666666668,21.049734894162686
store_3_item_37,26.849318245132984,7.255778769198432,28.2,27.419684055797273
store_2_item_40,26.688221459946,7.073084818791128,31.233333333333334,31.737043174682594
store_8_item_49,26.618685408326577,7.67797760521999,29.933333333333334,31.15969043997738
store_7_item_48,26.595880338063083,7.756631545585079,30.533333333333335,29.52623100785961
store_7_item_20,26.438727344675094,7.148275780147434,28.1,29.170433088548414
store_3_item_27,26.313655138719533,5.288306428012527,21.366666666666667,21.176410373019724
store_2_item_37,26.204824939664896,7.998864564939964,32.166666666666664,31.708593608061005
store_4_item_16,26.16468449894514,4.7920344421848995,22.166666666666668,23.220224910198453
store_10_item_44,26.093705074054512,6.635225321384667,27.233333333333334,27.327934603968956
store_3_item_40,26.082861460856137,6.839032411917974,28.5,30.614289053380233
store_7_item_49,26.0562263174615,3.734643632628157,17.6,17.55967851706386
store_10_item_47,25.701484896496552,4.814287775394034,20.166666666666668,19.593823189876378
store_3_item_5,25.650276184958017,4.705840177085576,19.666666666666668,19.22793827456588
store_6_item_44,25.647044947354246,4.23351771371009,19.1,18.842030541440476
store_7_item_2,25.634214945252214,7.813373196737342,34.333333333333336,36.569649155601255
store_1_item_34,25.576871008405668,4.804366250833697,21.033333333333335,20.316996434704716
store_3_item_34,25.369502715555814,5.359753384944805,24.833333333333332,26.30560007806272
store_3_item_4,25.299493763662532,5.0951089455847995,21.3,19.58118076581841
store_3_item_41,25.28370590683628,5.02287615868108,20.7,20.924468807631577
store_6_item_20,25.255918650820142,7.286560716353191,32.0,32.53554011437839
store_5_item_30,25.05529955419294,6.197831560885559,25.466666666666665,25.98921947007099
store_6_item_32,25.038212068171227,6.969552386078529,27.7,27.086373622958025
store_5_item_40,25.018229535595278,4.437081175754754,18.1,17.265930031825715
store_8_item_23,24.98225492051895,7.561980640834563,31.7,29.09769015111085
store_3_item_1,24.96885327610677,5.577090111419971,23.0,20.99481425145696
store_7_item_43,24.94402356037377,7.483174692515615,30.9,28.20675226727088
store_6_item_17,24.826983862094856,5.414575768467457,23.0,20.409133451318507
store_3_item_3,24.626423721584054,8.786966312526658,36.53333333333333,34.396129450906855
store_7_item_19,24.570777863487123,5.553053849119622,23.733333333333334,23.771176583622047
store_1_item_47,24.564846802451186,3.855395041372769,16.3,16.272697863616948
store_3_item_23,24.512566069510513,7.129081622727744,28.833333333333332,26.406395850510375
store_8_item_34,24.461993582523064,6.9252698028561115,28.633333333333333,26.730936297034443
store_8_item_47,24.44133567067664,5.367691207822092,23.3,22.35788040511392
store_5_item_14,24.4075380404186,9.009104826268707,38.56666666666667,37.39622284031612
store_5_item_42,24.381732490719592,6.290728547098367,25.1,20.50991294121038
store_4_item_44,24.323712413528,6.073443747222081,27.066666666666666,26.429258478082776
store_6_item_11,24.220416297606953,10.652891430844273,45.13333333333333,47.98040060162449
store_6_item_37,24.218826728145796,4.8074056208083356,20.366666666666667,19.376319596998048
store_1_item_44,24.141602944112748,5.42992284014602,23.133333333333333,22.676980102506135
store_5_item_31,24.11559717376237,8.496130452548687,38.266666666666666,38.30904739905126
store_5_item_2,24.10750293463541,9.560077609022908,39.53333333333333,37.21873221025098
store_1_item_26,24.101899986994386,8.997740432062232,37.5,33.960133360197524
store_5_item_43,24.04241367413438,7.307708012449493,34.43333333333333,35.56767560277192
store_4_item_27,24.00654573804942,4.474431182955608,19.333333333333332,19.54423682243142
store_7_item_30,23.961001182022514,5.362273019482696,23.3,22.5016958438341
store_1_item_49,23.958937258077604,5.728609918125992,23.566666666666666,20.798325796705743
store_2_item_34,23.951875326416555,6.379233778580783,29.9,28.550850160077825
store_5_item_21,23.76438531580358,6.04308253543546,25.5,23.715087539609684
store_9_item_1,23.761318466338697,4.371734304436893,19.166666666666668,17.53344157409433
store_4_item_21,23.736219656386535,7.8024673173568395,34.93333333333333,35.63396410392544
store_8_item_37,23.696815675805986,7.2826446178400435,32.166666666666664,31.23187199550082
store_1_item_27,23.680850773125602,3.9858889769955446,16.733333333333334,16.01764518712486
store_6_item_42,23.616717704455915,5.325948993149611,23.7,23.214751137779242
store_9_item_4,23.564165823546563,4.858283918854856,20.333333333333332,17.971619130040803
store_10_item_16,23.51606451434388,5.532186438420224,23.6,24.811123228154653
store_6_item_47,23.35596913176747,3.4801515674063035,15.366666666666667,14.00108917867429
store_5_item_19,23.327869495625688,5.870572981928811,25.533333333333335,26.609227025736654
store_5_item_26,23.324547975218255,6.561466945917858,29.733333333333334,32.096543472347705
store_10_item_40,23.29643320939651,6.930497985613196,28.966666666666665,26.0302673884757
store_10_item_5,23.25276216117089,4.077842369743574,18.5,16.85168177771699
store_4_item_34,23.215116482995,5.4727805342841656,24.266666666666666,21.83262654421147
store_9_item_47,23.10936712801438,4.581323588994596,19.9,18.691308994692218
store_5_item_3,23.043538343651395,5.717442659448386,24.766666666666666,23.66677529189618
store_3_item_16,22.933151515921573,5.768574028850816,24.733333333333334,24.430340140841743
store_9_item_30,22.891552470514664,8.023777154554077,36.233333333333334,35.17868697067209
store_4_item_41,22.874761311118345,4.884812208420298,20.966666666666665,19.303233257297883
store_1_item_39,22.830869457411126,7.539534219273901,33.9,31.97855774552581
store_1_item_9,22.79186905115261,8.784880451329782,38.03333333333333,39.08269507688201
store_4_item_40,22.694704095061326,5.903323328496111,27.1,27.11260839971088
store_10_item_34,22.684482853967612,5.183281216269455,23.366666666666667,24.4133426485621
store_2_item_17,22.454302399122604,7.920003645440257,37.13333333333333,36.3060007991671
store_4_item_47,22.413124204094252,4.692549675088331,21.033333333333335,19.635588212534348
store_4_item_3,22.403604988898326,7.390693832341568,33.53333333333333,31.324834086844394
store_4_item_43,22.351883686424443,9.916864186572251,46.666666666666664,43.356306365059964
store_2_item_47,22.18492950530382,5.529342832627327,24.866666666666667,22.198027278103606
store_6_item_7,22.134279209719416,8.310716400439619,37.666666666666664,34.323943283224295
store_6_item_26,21.96090038981354,5.70304532814347,30.233333333333334,31.958251559495157
store_7_item_9,21.918571259890506,6.033143885705707,29.333333333333332,28.36931734041482
store_9_item_23,21.893135794203147,5.574194107931377,26.533333333333335,26.86568413992541
store_9_item_34,21.85291574537916,5.147908228238455,23.8,22.299548782398652
store_10_item_23,21.845146191912416,6.010331379698777,29.0,28.69790561837738
store_10_item_3,21.802419339106365,6.800441138692233,33.96666666666667,35.100127063508545
store_5_item_49,21.787319282173325,3.4652204171347787,17.966666666666665,18.41370029914017
store_9_item_16,21.78224030414774,5.313863699007743,24.033333333333335,22.664616006973265
store_7_item_22,21.59416073672674,9.95184378685187,47.7,49.27818662344186
store_3_item_49,21.581772902528993,6.261503025325925,28.7,28.259588176488645
store_9_item_32,21.56156938182,7.753956386827562,39.4,40.670240058549034
store_10_item_4,21.558170550969777,4.81440941091662,20.7,18.82527701851618
store_5_item_46,21.536114996538103,8.777374263187,39.733333333333334,36.58110104301506
store_7_item_7,21.464659247903604,6.772434292604279,35.733333333333334,35.88188878045198
store_6_item_43,21.364131508508148,5.944955984018745,32.9,34.22423368795691
store_3_item_39,21.34166534438437,9.12801185012563,43.36666666666667,43.390855108290914
store_5_item_32,21.339548029696335,5.99274259065056,28.5,28.639692996021207
store_5_item_24,21.316123808364797,8.637767092315562,41.43333333333333,40.775648853628965
store_6_item_19,21.31192063970321,5.711678313102624,27.433333333333334,25.27733712281593
store_2_item_30,21.267380181555954,8.600265407104251,42.733333333333334,42.282303840287575
store_1_item_23,21.200089430642244,4.729794322866764,22.133333333333333,23.564051949943966
store_1_item_6,21.189889224114918,9.423315631387833,47.6,44.55687256148227
store_6_item_9,21.147586832808297,7.18509943218608,34.53333333333333,32.77734960246119
store_2_item_3,21.083328452475698,8.37627887011588,42.833333333333336,39.98999708969423
store_4_item_20,21.072422270890794,7.978305892563655,40.733333333333334,42.27391600082095
store_5_item_11,21.00440639684652,8.985000598084694,45.666666666666664,43.12046158704186
store_2_item_23,20.965501601785924,6.301590392826786,32.7,32.510154885388346
store_8_item_48,20.961837914524324,10.537652549547847,53.766666666666666,52.942113417731896
store_6_item_12,20.870363783244148,9.110737219884511,45.6,42.206746166350634
store_8_item_3,20.865021500578145,7.511410713929194,38.13333333333333,39.194447056657786
store_3_item_47,20.837820331305043,4.785555592097584,22.3,19.99280534789777
store_6_item_40,20.762938497178727,4.380878601651594,19.9,17.901486227480937
store_3_item_32,20.732678998640914,8.899673829028105,43.5,41.96067313742593
store_6_item_35,20.68882633890632,8.104276816826733,42.4,42.195169725214484
store_4_item_23,20.660193394816186,4.879973094745967,26.066666666666666,26.657535246658554
store_10_item_26,20.64001062997616,8.186884174423872,42.666666666666664,44.6797163020974
store_1_item_19,20.62201014197077,6.390684550057677,32.233333333333334,31.626329740713345
store_10_item_14,20.620608902581132,11.736811458749093,58.03333333333333,55.552082828159904
store_10_item_20,20.572596250980947,8.91446395314835,45.5,43.44102696648784
store_7_item_32,20.539223145818987,5.382503745281996,26.5,25.653932015548225
store_8_item_17,20.470118711633837,6.61740175538966,34.266666666666666,33.629567801447685
store_10_item_21,20.46964888135672,7.711148459553447,38.7,37.49776326304303
store_9_item_44,20.39638984564985,5.246380271293892,26.266666666666666,26.93156379326548
store_5_item_33,20.31186643111465,8.262038289385925,41.96666666666667,45.75684440394541
store_5_item_8,20.292339901329047,9.385890795697302,49.43333333333333,48.71734524868629
store_5_item_39,20.2599629050417,5.224321332198527,26.733333333333334,27.251762001044064
store_2_item_16,20.259180442181986,4.549285943570242,25.833333333333332,28.584588160573322
store_10_item_48,20.24888264454957,9.620794507358475,49.56666666666667,47.52905700367636
store_7_item_45,20.081064945391528,9.059842804331945,47.4,48.88448512266635
store_3_item_20,20.056069898513922,8.941965955514544,46.96666666666667,46.475898863480886
store_9_item_3,20.025941268409518,6.674539617094437,33.333333333333336,30.9048764950188
store_8_item_4,20.016386885805375,3.718433624925427,20.5,22.994308414304463
store_2_item_27,19.955681185563062,4.672366949151691,24.433333333333334,23.04096208417737
store_10_item_41,19.93185692766014,4.234736364070416,21.733333333333334,21.290176757443383
store_5_item_20,19.891131465094247,6.451444827237268,31.0,29.20991765429753
store_7_item_18,19.873475016992217,10.036478286061575,51.63333333333333,50.28891950959517
store_4_item_42,19.817868104283818,5.992237727478397,31.633333333333333,32.475852195902846
store_8_item_42,19.812019713811733,7.309024221063672,38.6,36.31758651673272
store_4_item_17,19.81153285506457,5.466727539710856,28.8,27.75301600603446
store_3_item_19,19.791835752952036,7.186385524425913,36.96666666666667,37.372220196715986
store_4_item_39,19.787653507017772,8.09178313734844,40.266666666666666,37.8308805981005
store_7_item_10,19.750790379858582,7.894992267584455,41.56666666666667,42.158807874028454
store_2_item_42,19.733640570035842,8.370292438338192,42.13333333333333,39.13843488591993
store_6_item_15,19.662473282199173,10.626416419755866,55.8,56.90785052708692
store_3_item_30,19.657910531487158,7.449302612375141,40.13333333333333,37.83186371663357
store_5_item_10,19.656263594156965,8.96417700802534,46.96666666666667,45.056508624992134
store_5_item_50,19.6505965296882,8.075552646171023,42.63333333333333,42.60794909703468
store_10_item_27,19.63990632393773,4.6889656754887215,22.866666666666667,20.49113055999251
store_10_item_37,19.558266295317175,5.516702499967435,29.066666666666666,27.776887691421127
store_1_item_3,19.537519125405197,5.396614395887841,28.1,25.70644222944009
store_2_item_44,19.496112477525287,6.451297005242575,33.86666666666667,31.134791447747208
store_6_item_16,19.460088060486967,2.959974080449098,16.233333333333334,16.21096092945255
store_7_item_31,19.45570075848003,6.7583869421100635,35.13333333333333,33.46310650971536
store_10_item_50,19.445943180123933,11.891691940113132,64.03333333333333,60.89303228755498
store_6_item_14,19.42285625003988,7.215055136055099,38.8,38.62922099840939
store_10_item_17,19.385595789150052,5.837461955857368,31.266666666666666,32.42975513810121
store_7_item_29,19.36010703561873,8.6139205683429,42.43333333333333,39.123941720391784
store_8_item_44,19.335683916972236,5.909245417953972,31.1,30.177853367967924
store_9_item_29,19.216361032392495,12.042241264586114,64.76666666666667,59.57315188857924
store_7_item_44,19.19243399507161,3.471469793703647,18.0,15.57595166101506
store_9_item_39,19.114217382290004,7.307658969369686,38.93333333333333,38.19558985203707
store_9_item_26,19.1114382462698,8.017641270853774,42.4,42.43233426419058
store_5_item_48,19.07422724312352,7.008673063933048,35.3,30.19312616847766
store_1_item_15,19.048438641150575,12.83631169038304,69.3,65.6934564719239
store_4_item_26,19.038961251406565,7.890484964529615,42.7,41.836660152282256
store_1_item_20,19.001856129758234,6.9236139124497615,38.333333333333336,37.34122564656077
store_10_item_39,18.994502134416624,7.721468095223656,42.8,41.20955118470689
store_9_item_40,18.980787372161817,5.2294483140467305,26.566666666666666,25.9029066938104
store_1_item_7,18.978309180154724,8.326574537114073,44.43333333333333,45.42589302811238
store_1_item_50,18.94875661799908,9.845258580024106,51.03333333333333,47.901049540607616
store_7_item_36,18.90286932541186,8.687116867695742,46.2,46.372816556794064
store_9_item_42,18.890037770385664,5.840798597892044,32.0,32.780040600174985
store_4_item_48,18.879554283633045,8.099789838235244,45.6,44.80195183169913
store_7_item_33,18.86966750051629,7.439158055739276,41.03333333333333,42.989576529408545
store_2_item_32,18.863350019119842,9.23031521657074,50.0,48.33166563259957
store_6_item_30,18.843377603003788,4.739627226954642,26.8,27.299797151710532
store_3_item_48,18.828585610567508,9.409978728083408,50.93333333333333,48.73684283578076
store_7_item_50,18.82481417795866,6.8518068467987066,37.833333333333336,39.68994119720363
store_2_item_49,18.78091055901464,5.864073399917434,31.633333333333333,31.477495030928814
store_7_item_6,18.75009884322055,6.177309271406303,34.46666666666667,34.953068384138945
store_9_item_19,18.708727817607997,6.653114400758246,37.03333333333333,36.39160719025779
store_8_item_31,18.696856882187447,11.763312052523961,63.266666666666666,58.57064261673397
store_10_item_9,18.683254146197623,8.4460141864373,47.56666666666667,47.97375430888273
store_9_item_9,18.646376457898246,8.540345833669026,46.0,44.041958901627616
store_3_item_24,18.624878700600263,12.478362084481695,66.96666666666667,61.873464522274546
store_10_item_30,18.615595438483787,6.673737657850951,38.13333333333333,38.40632976249568
store_1_item_48,18.59908708294915,7.218703332928038,39.56666666666667,38.1113835671267
store_9_item_43,18.59178674991398,8.592440701665106,47.53333333333333,45.633549838025964
store_7_item_46,18.498734930914118,6.346490115558513,34.7,32.96249668629256
store_6_item_39,18.483464797349153,5.23691668911071,29.0,29.617083846734747
store_8_item_33,18.373362168121073,12.292914455266498,70.63333333333334,70.52545246071553
store_8_item_12,18.364791811308738,12.6969142429967,71.2,70.82101318547653
store_1_item_21,18.343019235884235,5.5118826466556765,30.833333333333332,30.329433231614136
store_3_item_43,18.318055804255234,9.290481243866854,50.56666666666667,48.74936828339461
store_1_item_36,18.26201460598576,10.693749734915396,60.333333333333336,57.509851938358715
store_7_item_12,18.24864133938216,7.622719274013666,42.63333333333333,39.69964534198524
store_3_item_36,18.218808611594625,12.677936590700472,74.73333333333333,76.17224745774021
store_4_item_30,18.19992281034189,7.001134345305387,36.53333333333333,33.35139723721759
store_10_item_19,18.152229308137454,6.513053405166361,37.4,37.46746692282502
store_1_item_40,18.13645686170539,3.9096258155761965,22.3,22.742078740775142
store_1_item_33,18.126070476899354,10.048215301412586,55.4,50.07407016035169
store_2_item_20,18.081499954388295,8.769793516998968,50.36666666666667,49.905903942759714
store_1_item_13,18.036844223385796,11.5421407125595,65.63333333333334,63.96284232997983
store_3_item_17,18.02289410014706,5.587249260314428,32.333333333333336,31.31183031789073
store_9_item_35,18.004382432274973,10.498469427325144,60.4,58.58617692275411
store_8_item_14,17.939194015012905,11.163501619701767,62.4,60.09279932548232
store_9_item_48,17.929585322755337,7.964145769647362,46.9,47.154502292620016
store_2_item_45,17.83411242598652,16.064229320371748,93.03333333333333,85.48018496752267
store_4_item_19,17.812361604382172,6.377720960729643,37.266666666666666,36.37547851576005
store_3_item_10,17.773201132315418,12.218755644943046,70.2,69.31968698382087
store_8_item_9,17.770828423773434,9.68789079145477,54.766666666666666,51.87345661639952
store_3_item_26,17.728267795882516,7.7916764365799756,46.233333333333334,43.38598343443176
store_2_item_41,17.70062893262966,4.267619138486753,23.566666666666666,22.169932425756965
store_7_item_14,17.69136071104397,6.393680386801273,36.13333333333333,33.144209295072066
store_10_item_2,17.66874896607951,9.657889782367906,56.1,54.5989646585717
store_2_item_26,17.587537781328024,9.159551222894258,53.166666666666664,52.31437241947785
store_5_item_13,17.579314050247543,9.314690394994017,53.733333333333334,54.58867289269574
store_1_item_32,17.574370949743084,5.973704095008975,33.9,33.278449179697
store_10_item_11,17.56389277563444,12.262291091335847,70.03333333333333,62.8887190633802
store_4_item_49,17.562663690951137,4.315552132009578,25.7,24.872888010505836
store_4_item_7,17.552287184500415,9.345232818113276,52.7,51.02886561617001
store_9_item_45,17.548735194258867,12.53845718370093,73.43333333333334,72.30913353577274
store_6_item_13,17.529349535455925,9.615213316699345,53.93333333333333,51.08463150079796
store_1_item_24,17.522658161816054,8.844506946602866,49.7,47.56986146748265
store_10_item_8,17.50972252608079,12.589763143650499,72.46666666666667,69.19139277927813
store_7_item_26,17.506187273294813,4.496775019742355,29.0,28.165362777396734
store_3_item_11,17.501643310973922,11.788318848757804,67.73333333333333,66.78581593811258
store_5_item_35,17.478775522535067,7.7101027307867245,43.36666666666667,43.79345675961071
store_3_item_12,17.460914726371268,12.087993017232407,68.33333333333333,66.06845634903856
store_6_item_33,17.444024822284813,7.674455985324359,46.266666666666666,45.39781459216432
store_2_item_21,17.39931003507587,7.856905757819001,45.6,43.412857815245204
store_1_item_30,17.377813018070277,5.024693835975395,30.966666666666665,29.69354948155173
store_8_item_19,17.346981430143753,7.254941599426445,43.13333333333333,41.47730520957296
store_7_item_38,17.333377666453057,7.876765844460099,47.266666666666666,44.92515580305427
store_5_item_28,17.331401706862586,10.102671278091096,57.833333333333336,55.86592804091829
store_8_item_2,17.29282607744626,10.671054353244577,62.7,63.982072926916075
store_8_item_21,17.254744171790108,7.72964406760836,43.86666666666667,40.58651057555016
store_10_item_42,17.240534874408358,5.948939752354411,35.166666666666664,35.12568030142881
store_5_item_18,17.23934476427552,10.172255980185831,57.766666666666666,50.35036556182387
store_6_item_48,17.223141370051646,5.789995950914152,33.7,32.75765355172645
store_10_item_43,17.194598895528156,8.467142362542091,50.7,48.802000179327294
store_10_item_32,17.171258284675055,6.406053933020871,41.06666666666667,42.03950674484324
store_2_item_7,17.16922385378926,10.015370526173216,64.0,64.29520325785747
store_7_item_8,17.164345587112845,7.938588499101598,45.8,44.52580842335617
store_4_item_31,17.16318842600698,9.1599212072144,55.06666666666667,52.56011324421784
store_10_item_24,17.158488050364802,11.288667206347139,65.2,62.62782285796255
store_6_item_18,17.156916559576327,9.504382797659446,55.0,55.57120318103445
store_5_item_45,17.1411456138825,8.37798751585769,52.13333333333333,52.494800872796496
store_3_item_42,17.11487474731119,6.1165647668631715,36.266666666666666,34.83379938414635
store_2_item_2,17.070182513116812,10.71581846035009,63.43333333333333,62.37186840690637
store_4_item_11,17.0188393120181,11.462834865113546,67.1,60.27083018886404
store_9_item_7,16.89851033469968,9.12012548416423,53.9,51.51297197139897
store_9_item_33,16.890268872881215,9.425176722587377,61.86666666666667,61.104320164004804
store_10_item_12,16.869264531906065,11.019666550921823,67.2,65.53105964755197
store_4_item_24,16.850087645957753,9.807960029610117,59.13333333333333,56.78762760961235
store_6_item_24,16.812923528403463,6.849569926760612,42.43333333333333,44.11033711520825
store_8_item_32,16.786753952037763,7.12565530601845,44.3,46.20560132314908
store_7_item_15,16.78437272977879,8.38291459839048,51.86666666666667,50.8414893377889
store_7_item_25,16.76466179900009,8.38587433951884,50.43333333333333,46.0802211817459
store_4_item_6,16.740505164198993,8.543738861004387,52.53333333333333,51.72583193284759
store_7_item_28,16.735213805849448,7.8251518677251966,49.86666666666667,49.59357999568965
store_8_item_7,16.73124320280715,10.450453574795842,62.6,60.29403339519394
store_8_item_24,16.729559732576295,11.523028919319707,69.4,67.63697981891022
store_4_item_50,16.71011495518126,8.859627137638427,57.46666666666667,56.55834980216733
store_9_item_25,16.683228963516072,11.609580426756064,73.03333333333333,70.76933402367523
store_3_item_21,16.676869661067105,6.191368375956733,39.1,40.23110555343016
store_1_item_43,16.6377176592806,6.142542026960149,38.333333333333336,39.6914493212763
store_5_item_22,16.60902532704311,8.759672605314888,53.0,49.48025451948637
store_6_item_36,16.607119692650667,7.795241677619956,49.4,49.40291778079052
store_4_item_32,16.558851720112337,6.517987919509969,39.6,39.336921297074625
store_5_item_25,16.5565157718614,7.981427212437506,50.93333333333333,50.69071362134839
store_2_item_35,16.538209746878046,11.890366485156544,70.96666666666667,69.53900197735587
store_2_item_19,16.508440282464548,7.133324271521701,44.1,44.25798233447473
store_1_item_18,16.50736747415951,10.657502606574718,65.86666666666666,65.44166003159019
store_7_item_24,16.489533578783142,6.239657549848603,40.63333333333333,38.15091070953201
store_8_item_39,16.476069841479838,7.455699625239415,47.13333333333333,46.38408947826374
store_10_item_29,16.474013503834957,10.606318587727417,66.46666666666667,65.38788092521591
store_6_item_10,16.46769211807942,7.518735774304779,47.733333333333334,47.111629495656004
store_2_item_9,16.44304652684343,8.901446665667,54.766666666666666,51.43936218116234
store_4_item_33,16.389532418714666,9.909759351048036,62.233333333333334,63.112621038737714
store_4_item_13,16.355019702688782,12.945096483610975,77.93333333333334,71.67724032286017
store_10_item_10,16.330775990497628,11.17736314385516,69.0,66.65440889320003
store_6_item_45,16.326119826126543,7.875108016034451,50.7,49.152640588089554
store_9_item_46,16.322875264715055,8.570318039634637,53.166666666666664,52.73785302943204
store_2_item_46,16.315584614468943,10.196490990412538,64.03333333333333,64.19813541958601
store_8_item_13,16.310591401475957,13.462031033698384,87.9,90.87251147358727
store_2_item_29,16.304772066646493,11.836902028724202,76.06666666666666,74.02702723733178
store_8_item_11,16.30145219873472,12.705812114404601,75.8,70.32292703725737
store_3_item_44,16.293207154484524,4.371908171465589,27.433333333333334,28.02406642571807
store_5_item_12,16.288657329447638,6.894832762684251,43.43333333333333,44.569706978220246
store_7_item_35,16.239615990807938,6.692723318658038,40.63333333333333,39.968872559495615
store_4_item_46,16.22207313146544,8.75370362390521,54.1,50.739102836409685
store_2_item_12,16.160799154720976,12.456624594138276,75.43333333333334,73.82576993318571
store_5_item_29,16.14850661103291,7.008585312100661,43.43333333333333,44.44823335849008
store_2_item_11,16.101764581479987,12.203683743607886,77.7,73.74920348173114
store_7_item_11,16.08319668187615,6.925961092941125,42.166666666666664,39.124827791523074
store_9_item_20,16.08106393426109,6.928456239228295,42.9,41.84905164464966
store_1_item_14,16.079199709271506,7.185408110369144,45.9,45.58750531697651
store_6_item_25,16.06675459951737,8.609871922554168,53.1,52.32672157701312
store_8_item_16,16.06366376161609,4.1120867413506526,26.166666666666668,25.830734050748436
store_6_item_50,15.97053882654153,6.4556426762416,42.53333333333333,41.95925591403762
store_6_item_46,15.951644335500733,5.840489053654534,38.2,38.629932088217586
store_1_item_8,15.942172808350419,9.526408934686694,60.1,57.18021923744608
store_8_item_30,15.920495088436667,6.378348095814677,39.6,38.433591919196026
store_1_item_11,15.912356316027584,8.285329307772432,53.36666666666667,50.637996106517996
store_3_item_45,15.910345067266729,12.168284556599726,78.66666666666667,76.57507058214121
store_9_item_24,15.907795871968927,9.709700447055196,58.93333333333333,59.748664335104415
store_9_item_38,15.901743770264302,10.990439936582394,72.03333333333333,70.73402664627777
store_4_item_2,15.866780573770175,8.57985419359137,53.4,50.858067172707464
store_9_item_14,15.846319848953314,7.733840584549122,50.93333333333333,52.69700534269068
store_8_item_43,15.838662582582637,8.083218139051365,52.766666666666666,55.77398147463948
store_3_item_31,15.815367718971482,8.847542979681352,56.3,53.94055102856392
store_3_item_14,15.815206223873227,8.934986338403961,57.0,55.84314546395188
store_1_item_22,15.814696644616419,9.590762883566459,61.166666666666664,61.04166986980194
store_3_item_46,15.793999719416757,9.45824089480292,60.1,54.8173520987911
store_8_item_18,15.774850844108549,13.10416562249285,86.63333333333334,85.57849693324223
store_6_item_31,15.772796698349117,5.192080618589026,36.4,38.29274842846865
store_3_item_33,15.711913591289091,11.271829865235343,69.4,64.58659056359225
store_5_item_36,15.708577170355156,8.383300376449533,52.6,48.10942710717644
store_9_item_36,15.699254189374631,10.88713037415488,69.23333333333333,69.46926222052247
store_10_item_31,15.695326588604322,8.180650729944015,55.7,57.08776961812431
store_10_item_36,15.694341555875432,11.178047104640601,72.23333333333333,74.25288575853013
store_9_item_28,15.657687058076858,12.629040127297534,80.13333333333334,76.03305654342313
store_6_item_29,15.652478859278277,6.106902213467283,42.9,44.238781140726395
store_8_item_35,15.618455153952407,9.992562959636704,69.06666666666666,68.63679951421923
store_10_item_33,15.614224857612388,9.772363496955608,64.96666666666667,67.42452423913376
store_9_item_2,15.598491095869765,8.331382181587738,53.333333333333336,51.90225532110269
store_10_item_7,15.551619568531228,8.331553486930922,55.93333333333333,53.741393944757725
store_10_item_22,15.539278335542592,11.69941957717469,79.6,74.4730767322412
store_6_item_6,15.51969797421448,5.681779920106728,37.733333333333334,36.54820899220402
store_9_item_22,15.503595201357692,10.71060048497919,71.4,70.13376781240514
store_2_item_14,15.489599238607285,9.82389513213714,64.83333333333333,64.27704750993217
store_3_item_22,15.466359344178937,11.172322999872945,77.03333333333333,76.23498256182546
store_10_item_18,15.439585677440231,12.296378405428824,81.33333333333333,79.38506559971289
store_4_item_45,15.421852456066604,11.112861630909437,71.63333333333334,69.99845581530262
store_9_item_10,15.416238130390997,10.249667230748466,66.6,62.21201860387371
store_2_item_10,15.383735180593746,12.184395638674113,81.76666666666667,78.06056685856774
store_2_item_48,15.379576721222717,8.301848424890078,57.1,53.11030735637624
store_9_item_31,15.377559668348168,8.281761231277667,54.56666666666667,51.160692879601996
store_10_item_46,15.352852604830467,9.026820684235913,55.766666666666666,55.554650733231874
store_8_item_8,15.296138157728537,12.262065569732467,80.53333333333333,77.3089652073722
store_9_item_12,15.278459046793873,9.332660140448843,61.166666666666664,59.801350071872136
store_8_item_20,15.270648680513329,8.020885748597307,51.7,49.773166952476714
store_4_item_9,15.270073995335515,7.32508737511276,47.46666666666667,44.49167463835337
store_8_item_29,15.245527906716378,11.387874919554907,74.96666666666667,69.72876554731356
store_9_item_6,15.228133569733446,7.998874990498566,52.9,51.256023200854976
store_8_item_40,15.210248347236261,4.310471395776449,30.233333333333334,30.57130877082132
store_8_item_50,15.122477447915864,9.55652696104251,67.9,70.43912040107358
store_4_item_14,15.082979111354138,8.005958315810743,53.3,50.52663800805133
store_4_item_35,15.057708339735203,8.13985081761899,57.96666666666667,55.628859294979705
store_3_item_25,15.042557483208526,11.627600081888549,80.83333333333333,76.31111757780708
store_7_item_13,15.038005458026438,7.4887881043836675,52.3,49.04259865151925
store_4_item_38,15.028761255039294,10.605823449145872,72.06666666666666,68.77533091422147
store_4_item_29,15.000209102485224,9.679648490199916,63.86666666666667,59.69881813007843
store_3_item_7,14.94744918505907,8.36557884831039,57.5,54.93691810337497
store_6_item_38,14.912061460222075,7.696819504945451,50.5,49.2795826509762
store_10_item_25,14.881399050399521,10.436098201545873,76.1,76.17740803641603
store_1_item_12,14.851908901345523,7.928892353552438,54.53333333333333,51.78059740202864
store_10_item_35,14.844881680557872,9.479946285251758,64.33333333333333,62.13352166118478
store_5_item_15,14.843855149804645,8.732152926593075,59.93333333333333,54.34158863599451
store_6_item_8,14.818195335076068,7.353134482209913,50.5,50.450857341169126
store_9_item_8,14.810642101358928,9.980408351658435,70.06666666666666,69.6123453246128
store_1_item_29,14.754857596966279,7.842215642815481,55.166666666666664,51.7543083050819
store_8_item_28,14.750293515472624,13.754412279506353,91.93333333333334,95.01198209074234
store_9_item_18,14.72873160086249,10.78468908704006,74.13333333333334,75.14805072170729
store_1_item_45,14.709822363450106,9.14678582051524,62.36666666666667,60.60973513716385
store_8_item_45,14.684074440485654,11.66951288799981,82.63333333333334,80.82117454093097
store_2_item_39,14.65172033069888,7.092151593483625,46.43333333333333,46.2761272044788
store_5_item_7,14.632585372380733,5.460760077048442,37.6,36.67600036798042
store_3_item_13,14.607618194369762,11.933725373958358,85.1,78.3989161633421
store_4_item_28,14.529181026567512,11.05911566276806,79.5,78.00849483890653
store_2_item_6,14.493526636279864,9.232394609966722,64.7,63.8613258594936
store_2_item_50,14.442600053701904,9.874504073812068,70.03333333333333,69.46579862297705
store_9_item_50,14.43880362904654,8.212183784777112,58.666666666666664,56.87014236035709
store_3_item_29,14.432419033560695,9.562601896142638,68.76666666666667,66.67398174655733
store_2_item_33,14.365535508239164,10.39949858736011,75.7,73.66451150155599
store_10_item_15,14.361910817562546,12.392644101068457,85.53333333333333,82.8015884402575
store_4_item_12,14.34507405021038,9.412706387792786,65.8,62.350246099385394
store_3_item_8,14.34028748933335,10.941567349207059,74.3,70.63854861931745
store_3_item_2,14.335568633076425,8.180190879044382,57.4,55.56145183435733
store_1_item_10,14.300213477702329,8.51747700425451,57.7,55.21189156888153
store_1_item_38,14.273973662535061,9.643494167314069,63.0,60.45645063077038
store_4_item_25,14.272210606818156,10.29072633686294,71.96666666666667,68.85161675157319
store_10_item_6,14.174206635936093,8.616609786283371,58.96666666666667,54.41866175650128
store_3_item_18,14.174004299258444,11.039735674036416,81.4,81.44576466715816
store_8_item_26,14.150687886080481,7.23771694556118,51.43333333333333,50.05702042094891
store_8_item_25,14.129362900862416,11.743058543355515,82.83333333333333,80.6369639096874
store_8_item_46,14.124503184932038,8.639753235048481,63.0,58.836106204585306
store_8_item_6,14.09017591324361,9.111051190248537,62.166666666666664,57.47354539835485
store_10_item_13,14.056252267467064,11.070320252932653,81.4,81.56292904203048
store_1_item_28,14.020820199151288,9.244863892770109,67.73333333333333,68.16928007551577
store_1_item_2,13.973086634445558,6.81412637247958,47.3,43.15297462463838
store_4_item_10,13.953976887107128,9.529450782768114,67.83333333333333,63.84625664389053
store_1_item_31,13.915951506955556,6.4467461692550385,44.7,44.6845278659003
store_2_item_28,13.913411695080422,13.15806621112325,95.53333333333333,93.6022511810456
store_2_item_22,13.867181985311994,12.620183696086583,89.36666666666666,83.53178469018913
store_6_item_22,13.842604986273665,7.103130577129324,50.166666666666664,53.726377714093616
store_8_item_38,13.840325017934893,12.32662817240658,88.23333333333333,84.50725041093305
store_5_item_38,13.800596339334822,7.704832826796437,54.266666666666666,50.35030416604647
store_3_item_35,13.795812165642488,8.79534401029246,64.86666666666666,62.409135232206864
store_10_item_38,13.758732689584502,11.542095364420497,80.23333333333333,69.89084169300055
store_2_item_36,13.668209771343538,11.465805902499138,84.83333333333333,85.49075915098229
store_2_item_43,13.61540202476322,7.779444501779002,57.666666666666664,55.968096636251
store_3_item_6,13.56580399478535,7.718244491619552,57.0,57.4810819180313
store_2_item_24,13.541369542595952,9.62374942788022,73.06666666666666,71.09501791809849
store_9_item_13,13.531481395876138,10.005140245030832,75.8,72.75410379758297
store_1_item_35,13.498079198122278,6.796664113413476,50.9,51.53292930986345
store_2_item_13,13.494620428365685,12.003301136345163,92.13333333333334,88.51112913177336
store_4_item_36,13.442963664138777,8.626912037300901,71.43333333333334,70.73098205474527
store_2_item_25,13.375357140031216,12.02922553387185,88.86666666666666,85.83082838819168
store_3_item_9,13.357186298706194,6.720164099194023,51.4,50.52787111621976
store_3_item_38,13.335558709460962,10.225487140602601,78.7,77.29620856704233
store_4_item_22,13.331508027852973,9.925668809146128,73.46666666666667,69.00763615517403
store_1_item_46,13.258797333914728,6.057763946803531,45.63333333333333,43.66699464876852
store_9_item_21,13.214548374014681,4.59987427100323,35.56666666666667,35.30292842825007
store_8_item_22,13.166293388938923,11.244884631297863,84.6,82.26706024676493
store_3_item_28,13.148681518233602,10.802240057103715,83.23333333333333,83.22108844332269
store_3_item_50,13.013659616846814,8.48895870713363,64.3,64.34967497235397
store_4_item_18,12.976323470178658,9.40336465438941,74.66666666666667,79.20295775681862
store_10_item_28,12.90719819567421,10.5176973345518,85.26666666666667,84.17435682695512
store_8_item_36,12.901313609717782,10.629790295010622,83.5,79.2929656378607
store_3_item_15,12.821999237109507,10.479992529556776,85.7,86.36954834496471
store_9_item_11,12.736046151636979,8.434714114897696,65.93333333333334,61.674713583223394
store_1_item_25,12.70934814269987,8.265258699281924,63.666666666666664,60.00763216307743
store_8_item_10,12.696124955875021,9.4573511680128,75.76666666666667,73.25377436921363
store_6_item_28,12.369455121290063,7.074382172410321,56.266666666666666,55.81908755317033
store_5_item_6,12.211208085727135,4.149114465591003,37.166666666666664,36.9167476320283
store_4_item_8,12.176915575780377,8.998497625314455,70.9,70.17910834254641
store_2_item_38,12.119116743310602,11.054362376624187,89.73333333333333,85.75135941198438
store_4_item_15,12.058607717434414,10.023044852311052,81.26666666666667,76.16623919739249
store_2_item_31,12.027191913808862,7.721785181846449,64.3,62.52334855816477
store_8_item_15,12.00899075618726,11.098133755174974,92.1,91.89025093538386
store_2_item_18,11.70425245695097,10.91479024232018,92.83333333333333,91.88123628007679
store_2_item_8,11.50443566250361,10.038325978326435,86.5,82.17864026873211
store_10_item_45,11.030347050367112,8.467573027068418,76.96666666666667,74.97003353486019
store_2_item_15,10.784481243909589,10.052354240711027,96.6,96.10050717370233
store_9_item_15,9.891135326280247,7.968361377177251,79.2,80.76075146054617
